file,species
539961189.png,Common Chickweed
07e62f903.png,Maize
8a32d0bfa.png,Small-flowered Cranesbill
9516e56c4.png,Black-grass
a2c89c367.png,Charlock
506347cfe.png,Charlock
fe9e87b78.png,Scentless Mayweed
e96e57a90.png,Shepherds Purse
c7b07431e.png,Scentless Mayweed
f66ae4070.png,Maize
ef74dbcad.png,Scentless Mayweed
32b42c120.png,Small-flowered Cranesbill
86f08e6d1.png,Fat Hen
6db684fff.png,Scentless Mayweed
c7ae30f3a.png,Scentless Mayweed
490c4f9c8.png,Fat Hen
9c0c5b731.png,Loose Silky-bent
01291174f.png,Fat Hen
fda0b5c38.png,Common wheat
9a3f20121.png,Loose Silky-bent
9c8b08a24.png,Loose Silky-bent
dc55449b2.png,Sugar beet
d17f48d3b.png,Scentless Mayweed
eaf0815e2.png,Small-flowered Cranesbill
995c7ab1e.png,Common wheat
91e469b4a.png,Charlock
647689543.png,Loose Silky-bent
3e9f41817.png,Loose Silky-bent
592473c83.png,Loose Silky-bent
521b27a17.png,Loose Silky-bent
12625488b.png,Fat Hen
2bd74d2da.png,Loose Silky-bent
cc3d2a59a.png,Sugar beet
f9f35cbd4.png,Common Chickweed
e1809cef2.png,Scentless Mayweed
26852751a.png,Charlock
1f290e016.png,Scentless Mayweed
9fab816f2.png,Fat Hen
752101fdf.png,Small-flowered Cranesbill
d41d87796.png,Scentless Mayweed
8cf2e3e6c.png,Common Chickweed
a4b61a4ea.png,Loose Silky-bent
f4234cf4f.png,Fat Hen
16467a950.png,Loose Silky-bent
1376f3b63.png,Loose Silky-bent
6b9d6f8c9.png,Sugar beet
25a4c427e.png,Loose Silky-bent
2126dc71b.png,Common Chickweed
35ebe165c.png,Loose Silky-bent
39d569be4.png,Loose Silky-bent
1c680883c.png,Loose Silky-bent
659412b1a.png,Loose Silky-bent
c4ed8ed38.png,Charlock
2ea664465.png,Sugar beet
599691cd9.png,Small-flowered Cranesbill
e5297b675.png,Loose Silky-bent
3f826b318.png,Common Chickweed
a85b48a95.png,Scentless Mayweed
756dd5070.png,Common Chickweed
a169b71e7.png,Charlock
5ee9d0a5b.png,Loose Silky-bent
6bce55e05.png,Cleavers
3fbd0fc6a.png,Common Chickweed
8ca6140ca.png,Loose Silky-bent
79fba50db.png,Common Chickweed
59f62ad1d.png,Black-grass
558aa7deb.png,Loose Silky-bent
4b032563b.png,Common Chickweed
53ceb4657.png,Common Chickweed
8e6ec1ca6.png,Small-flowered Cranesbill
00d090cde.png,Loose Silky-bent
5b63dcc21.png,Common Chickweed
466bb6d3b.png,Maize
bb1c84bbc.png,Loose Silky-bent
71b232519.png,Loose Silky-bent
adb7a032c.png,Loose Silky-bent
88ac6df54.png,Loose Silky-bent
48d97c645.png,Small-flowered Cranesbill
ef3e232ad.png,Common Chickweed
d668409ff.png,Black-grass
7691014a1.png,Charlock
8455169fe.png,Common wheat
66ab0e8d0.png,Charlock
c7051c902.png,Common Chickweed
cb76a7766.png,Fat Hen
b2706e2b3.png,Common wheat
e7077322d.png,Scentless Mayweed
a85fc8c9a.png,Small-flowered Cranesbill
1b490196c.png,Shepherds Purse
219fd68d5.png,Scentless Mayweed
05341a8a6.png,Scentless Mayweed
24c94a6ca.png,Sugar beet
3bbef3ecb.png,Scentless Mayweed
0751c0bbc.png,Sugar beet
d2fd9df40.png,Loose Silky-bent
3b73c3b61.png,Black-grass
721b2c47a.png,Fat Hen
165681fd9.png,Shepherds Purse
b145ba9d4.png,Scentless Mayweed
4ac29bbf0.png,Common Chickweed
963544aa0.png,Black-grass
8e3ed0a25.png,Small-flowered Cranesbill
f3fcfff1b.png,Cleavers
1d48b7564.png,Loose Silky-bent
79e5ea8fa.png,Common wheat
df7cb5f87.png,Common Chickweed
5c3cd7ea2.png,Scentless Mayweed
b62dca166.png,Fat Hen
d93c7ab6d.png,Loose Silky-bent
d3331e071.png,Fat Hen
7f31c7f42.png,Loose Silky-bent
a8de7c1b7.png,Loose Silky-bent
d84d37a61.png,Common Chickweed
5296835a0.png,Small-flowered Cranesbill
56112b92c.png,Small-flowered Cranesbill
5b3000b9a.png,Maize
855955aaf.png,Small-flowered Cranesbill
e98e5d1d5.png,Black-grass
d515398fd.png,Loose Silky-bent
406ecb5c5.png,Charlock
4049a6ea6.png,Loose Silky-bent
93d76fd5d.png,Small-flowered Cranesbill
5e6a237f2.png,Sugar beet
dd9f36df7.png,Small-flowered Cranesbill
2ff5cb348.png,Sugar beet
5315c2dca.png,Loose Silky-bent
85431c075.png,Loose Silky-bent
7f46a71db.png,Sugar beet
2d992d1fb.png,Loose Silky-bent
b39c71707.png,Maize
98da6ef4e.png,Scentless Mayweed
c6b76307d.png,Cleavers
99036c51d.png,Loose Silky-bent
97844bfd5.png,Shepherds Purse
0dba99002.png,Sugar beet
eef131644.png,Loose Silky-bent
afcf6abd5.png,Small-flowered Cranesbill
bd789d151.png,Common Chickweed
c50335991.png,Fat Hen
fef2ade8c.png,Sugar beet
90d119d25.png,Scentless Mayweed
6049234e6.png,Fat Hen
c5e419015.png,Scentless Mayweed
a35fd6fbb.png,Common Chickweed
604dd663f.png,Shepherds Purse
0bf7bfb05.png,Black-grass
808cf55c6.png,Shepherds Purse
da4ed3a28.png,Charlock
2d9c798f9.png,Small-flowered Cranesbill
02cfeb38d.png,Loose Silky-bent
866be78b0.png,Common Chickweed
f9ea23fb5.png,Fat Hen
1364b297a.png,Cleavers
3f64c2c1b.png,Common wheat
ef7a5651d.png,Scentless Mayweed
003d61042.png,Fat Hen
fadc6adbc.png,Charlock
e921021a8.png,Fat Hen
fa5fd1384.png,Shepherds Purse
1c52ea820.png,Fat Hen
1191ba346.png,Cleavers
9aa5587fe.png,Black-grass
55fed435f.png,Maize
65489944f.png,Shepherds Purse
a800caead.png,Sugar beet
17a78fb44.png,Common wheat
1f3f44563.png,Maize
63c07d340.png,Sugar beet
976e4e079.png,Common Chickweed
65d08b894.png,Sugar beet
3185294c8.png,Scentless Mayweed
67e185673.png,Small-flowered Cranesbill
835dc5447.png,Small-flowered Cranesbill
9cce7328c.png,Loose Silky-bent
a8388a37f.png,Fat Hen
f593c9cf0.png,Sugar beet
e52493d0b.png,Common wheat
785a73ab8.png,Common Chickweed
e88bf0db9.png,Small-flowered Cranesbill
dce2f6612.png,Common Chickweed
3f92d8039.png,Loose Silky-bent
115f93ecc.png,Loose Silky-bent
53e6e9000.png,Common wheat
7fdb7202d.png,Scentless Mayweed
16357b436.png,Loose Silky-bent
fc3e58836.png,Scentless Mayweed
c5078bac5.png,Loose Silky-bent
444473900.png,Fat Hen
f25996db8.png,Small-flowered Cranesbill
550a8b7e6.png,Small-flowered Cranesbill
d102e1a15.png,Cleavers
be2499cf4.png,Black-grass
0ae6668fa.png,Loose Silky-bent
b9062c1c8.png,Sugar beet
1d0cbd819.png,Loose Silky-bent
4c8005bbc.png,Loose Silky-bent
5883b423d.png,Scentless Mayweed
11d3f68ff.png,Loose Silky-bent
75cb95e91.png,Charlock
6da892be6.png,Small-flowered Cranesbill
b341d0aab.png,Common Chickweed
808578ed5.png,Charlock
26e7ae885.png,Fat Hen
65e97117e.png,Loose Silky-bent
cadab6616.png,Shepherds Purse
0fb233ad6.png,Small-flowered Cranesbill
d0152bd7c.png,Fat Hen
c85ef220d.png,Common Chickweed
1be0713da.png,Cleavers
47b7d8e17.png,Small-flowered Cranesbill
780defa2e.png,Common Chickweed
1758a1baf.png,Common Chickweed
0d117d910.png,Common Chickweed
aee6fa3df.png,Loose Silky-bent
fea355851.png,Loose Silky-bent
338c7e907.png,Charlock
35a90f8d0.png,Scentless Mayweed
780bd2a2c.png,Sugar beet
b29339405.png,Loose Silky-bent
6a47821f9.png,Loose Silky-bent
d488a4fe1.png,Common wheat
0c45ace27.png,Common Chickweed
29bab7cad.png,Common Chickweed
b7ad92859.png,Shepherds Purse
ef65533d5.png,Loose Silky-bent
6908fb540.png,Sugar beet
caa2fbd79.png,Common Chickweed
1cfd91582.png,Charlock
dcd7ff249.png,Scentless Mayweed
0437393b1.png,Fat Hen
4c7838de4.png,Common Chickweed
5bdcfa329.png,Loose Silky-bent
177d7e2a4.png,Common Chickweed
ace8761dd.png,Common Chickweed
6d6eb3830.png,Shepherds Purse
df11d56a7.png,Sugar beet
20817c846.png,Scentless Mayweed
be341dbdc.png,Loose Silky-bent
5a38ac566.png,Loose Silky-bent
23bc8ec4f.png,Common Chickweed
16fd2e01a.png,Small-flowered Cranesbill
060f1dc84.png,Shepherds Purse
3d38a87bc.png,Loose Silky-bent
df521c0c0.png,Loose Silky-bent
a276c65f7.png,Loose Silky-bent
bea23d9f8.png,Scentless Mayweed
c10db7ae2.png,Maize
8dbb8e1b9.png,Charlock
29f49cd0b.png,Fat Hen
187668bde.png,Scentless Mayweed
966ae5ad9.png,Black-grass
205df1df3.png,Fat Hen
71e73a8a0.png,Sugar beet
d9c50616e.png,Sugar beet
61dd2cdc5.png,Common wheat
30ad31220.png,Charlock
a93f940d6.png,Scentless Mayweed
79d93bc96.png,Loose Silky-bent
1b6a6494d.png,Sugar beet
a2d25b4f3.png,Small-flowered Cranesbill
61b044411.png,Loose Silky-bent
5eb9c26a6.png,Loose Silky-bent
c60e91e07.png,Loose Silky-bent
664194d19.png,Small-flowered Cranesbill
7e9cf1c46.png,Common Chickweed
fbf88b6be.png,Charlock
cbba27d89.png,Maize
653193c1a.png,Common wheat
b7a7f6390.png,Fat Hen
239bdf640.png,Charlock
6a41bf95b.png,Scentless Mayweed
c5e88cd42.png,Common Chickweed
bebcaab66.png,Scentless Mayweed
2406d6c99.png,Shepherds Purse
a55d26a4c.png,Common Chickweed
711b46fba.png,Shepherds Purse
a060c1cf8.png,Maize
f8318faf1.png,Scentless Mayweed
8a4d3a1b1.png,Loose Silky-bent
6982a9d30.png,Small-flowered Cranesbill
0021e90e4.png,Small-flowered Cranesbill
8d6acbe9b.png,Common Chickweed
1f5e5554e.png,Cleavers
809eb0b82.png,Charlock
59e1cea8d.png,Cleavers
93079d970.png,Sugar beet
632156793.png,Cleavers
55920f07f.png,Maize
837ac0270.png,Scentless Mayweed
47f9e5d91.png,Common Chickweed
e783f5a4f.png,Sugar beet
e721c6ac8.png,Black-grass
953496deb.png,Fat Hen
86c309150.png,Sugar beet
4bcdaa5e2.png,Shepherds Purse
892e9d6c6.png,Scentless Mayweed
1623fb9e1.png,Fat Hen
172f9b10b.png,Common Chickweed
3d67c434b.png,Fat Hen
4f83143e1.png,Maize
37e545a60.png,Common Chickweed
b1cd2a91e.png,Cleavers
bd72d4d8a.png,Scentless Mayweed
1fefb54b7.png,Fat Hen
007b3da8b.png,Sugar beet
41e07778c.png,Cleavers
55251925f.png,Common Chickweed
a0b393945.png,Small-flowered Cranesbill
e15fce4f2.png,Scentless Mayweed
b828443ff.png,Maize
67ce3eaa6.png,Small-flowered Cranesbill
bfab3e3d0.png,Sugar beet
a38b8a581.png,Small-flowered Cranesbill
824f5d4e5.png,Sugar beet
59358cd44.png,Small-flowered Cranesbill
dfb1d9012.png,Loose Silky-bent
6680836dd.png,Sugar beet
54c8bb900.png,Charlock
ac75d3326.png,Loose Silky-bent
86676d627.png,Fat Hen
2d5058a59.png,Common Chickweed
5f04aed97.png,Small-flowered Cranesbill
f4caf74f9.png,Charlock
f4e7733d4.png,Small-flowered Cranesbill
429211ee6.png,Fat Hen
e82017baa.png,Black-grass
668c1007c.png,Charlock
7615e52d3.png,Cleavers
a83820a2c.png,Sugar beet
026716f9b.png,Loose Silky-bent
4bbfd1e05.png,Cleavers
675ec1b0b.png,Small-flowered Cranesbill
4392d93cf.png,Fat Hen
8303b27ed.png,Loose Silky-bent
bb7621cb3.png,Fat Hen
3fbf1a417.png,Cleavers
b0acaff4a.png,Black-grass
686dc7ec8.png,Black-grass
406162ef9.png,Charlock
31f3dd81f.png,Loose Silky-bent
958bb9e96.png,Charlock
fea3da57c.png,Sugar beet
97b2f0a10.png,Small-flowered Cranesbill
b130a0632.png,Cleavers
e15472085.png,Common Chickweed
589e643b8.png,Shepherds Purse
7d22abf91.png,Scentless Mayweed
b573b7a56.png,Loose Silky-bent
8d6991365.png,Black-grass
14bb43eee.png,Common wheat
fba8fc78a.png,Black-grass
56a01b835.png,Cleavers
4e1190d78.png,Black-grass
79dafec17.png,Loose Silky-bent
9c777333d.png,Common Chickweed
8f523520c.png,Shepherds Purse
e84464f5a.png,Cleavers
606647f64.png,Common Chickweed
dabe3e5be.png,Small-flowered Cranesbill
0caeda5df.png,Common wheat
410e6f702.png,Small-flowered Cranesbill
f4021df6c.png,Fat Hen
a890ac088.png,Charlock
5a6bf96f6.png,Maize
dd5ec63d9.png,Sugar beet
0086a6340.png,Common Chickweed
a3b375b34.png,Loose Silky-bent
f48916a8c.png,Scentless Mayweed
ab0f67743.png,Black-grass
486e59179.png,Common Chickweed
2b55a2da2.png,Charlock
c1ecff98b.png,Loose Silky-bent
73260a4ee.png,Fat Hen
3eebd36c6.png,Charlock
bf66b9cd2.png,Maize
c26ccf73c.png,Common Chickweed
00c47e980.png,Sugar beet
851c90831.png,Loose Silky-bent
ec08a5d56.png,Small-flowered Cranesbill
8e4eaeec0.png,Common Chickweed
abc331628.png,Common wheat
fea1d13d6.png,Shepherds Purse
b6a3f7876.png,Black-grass
f23faf9c1.png,Loose Silky-bent
6edb96d45.png,Cleavers
4e18ab737.png,Cleavers
0625f063b.png,Common Chickweed
e9cd91682.png,Common Chickweed
37c3108d6.png,Shepherds Purse
22fbf13d6.png,Loose Silky-bent
9326bda1b.png,Common Chickweed
74d810f87.png,Loose Silky-bent
60f0bc617.png,Small-flowered Cranesbill
c2de6020a.png,Small-flowered Cranesbill
7b52585da.png,Loose Silky-bent
37297a64c.png,Common Chickweed
fd925f542.png,Common Chickweed
74fd477eb.png,Common Chickweed
4287d810c.png,Common Chickweed
1bf9b94a6.png,Scentless Mayweed
6ba4ef411.png,Cleavers
279df95f2.png,Sugar beet
1d56351b2.png,Common Chickweed
cd5f0db1c.png,Small-flowered Cranesbill
80e299ae9.png,Shepherds Purse
92292055d.png,Common Chickweed
8cf909eb3.png,Charlock
b31292706.png,Common Chickweed
bffc08672.png,Scentless Mayweed
258b1183c.png,Cleavers
25cf6eb73.png,Maize
699d3c707.png,Sugar beet
e6f1211a2.png,Sugar beet
0ad9e7dfb.png,Fat Hen
38c054379.png,Small-flowered Cranesbill
754b1adf8.png,Small-flowered Cranesbill
4ea7493d5.png,Sugar beet
fd253a74e.png,Cleavers
22e79540f.png,Cleavers
ce3d280eb.png,Common Chickweed
beebe5f4e.png,Scentless Mayweed
a0f37c726.png,Small-flowered Cranesbill
e4a76885b.png,Maize
099b961ec.png,Shepherds Purse
6be169e41.png,Shepherds Purse
42e7ed442.png,Shepherds Purse
6b721f68e.png,Black-grass
ede6b84b4.png,Cleavers
2a5064f19.png,Common wheat
043449b0b.png,Sugar beet
6dd095129.png,Common Chickweed
fdea6b119.png,Black-grass
bb20fce02.png,Scentless Mayweed
36839d5e9.png,Scentless Mayweed
43ede9de9.png,Charlock
502dff972.png,Small-flowered Cranesbill
edfdb4aeb.png,Scentless Mayweed
a7bd7cadb.png,Fat Hen
a19c3faca.png,Charlock
da9ef7858.png,Charlock
d0cdc768f.png,Common wheat
1926e82fd.png,Loose Silky-bent
f1f7c833f.png,Shepherds Purse
afa446484.png,Small-flowered Cranesbill
9df3275da.png,Small-flowered Cranesbill
770a265f5.png,Small-flowered Cranesbill
223e4af09.png,Cleavers
24a058589.png,Charlock
d5f7dd60a.png,Loose Silky-bent
7cabd68cc.png,Loose Silky-bent
d2f0f326e.png,Shepherds Purse
33748968f.png,Cleavers
bb1d1bfd3.png,Cleavers
085974290.png,Scentless Mayweed
fb022edf9.png,Fat Hen
bb64660b7.png,Sugar beet
4e9d3765f.png,Charlock
5bbc0a255.png,Common Chickweed
41f1c3cdb.png,Fat Hen
da5255450.png,Common Chickweed
aaf4da98f.png,Sugar beet
6df8e31ea.png,Charlock
d8f4923f8.png,Common Chickweed
eec1079a1.png,Charlock
2f246d688.png,Small-flowered Cranesbill
fe29629fb.png,Scentless Mayweed
e19ad6ac9.png,Charlock
8a8d6c712.png,Cleavers
82b5f4d33.png,Shepherds Purse
c0f5d9ac8.png,Small-flowered Cranesbill
98062cd87.png,Common Chickweed
87608f7aa.png,Charlock
d09d24c58.png,Loose Silky-bent
126a71ce0.png,Charlock
d6d31dcbe.png,Scentless Mayweed
00ef713a8.png,Common Chickweed
aecfaed64.png,Shepherds Purse
35cf9fa01.png,Shepherds Purse
48231e475.png,Scentless Mayweed
8a30b2de3.png,Sugar beet
856f2910a.png,Small-flowered Cranesbill
aad8375e0.png,Shepherds Purse
f0ffa00bd.png,Sugar beet
b7192c70f.png,Common wheat
d689256be.png,Black-grass
96ecad7a1.png,Small-flowered Cranesbill
d6d80a321.png,Scentless Mayweed
17d5e5ac4.png,Loose Silky-bent
cb496f36e.png,Loose Silky-bent
32a8c8a1d.png,Loose Silky-bent
a9d2eab61.png,Black-grass
b687160f5.png,Small-flowered Cranesbill
1312065a5.png,Small-flowered Cranesbill
b3d6fdb80.png,Shepherds Purse
e73e308be.png,Fat Hen
0ebf8f2f4.png,Maize
0ee4ad224.png,Scentless Mayweed
728eabae1.png,Charlock
3d65168c2.png,Common Chickweed
a254d71f6.png,Loose Silky-bent
241e6935a.png,Sugar beet
8104422bb.png,Common Chickweed
f6d250856.png,Shepherds Purse
534e74d83.png,Maize
4e69d100a.png,Small-flowered Cranesbill
78c5fba1d.png,Sugar beet
b215531dd.png,Cleavers
6c874918c.png,Black-grass
4bbf1f6ea.png,Shepherds Purse
c7eb96871.png,Common wheat
04814f36d.png,Scentless Mayweed
7beb2766f.png,Scentless Mayweed
ce15eee52.png,Charlock
cfd8165e9.png,Charlock
e3f50adfc.png,Cleavers
5dcad9a53.png,Small-flowered Cranesbill
20f983a71.png,Fat Hen
0f6cbe5e8.png,Maize
dc4cd56a3.png,Loose Silky-bent
55a852f40.png,Common Chickweed
3a909ead8.png,Small-flowered Cranesbill
a2b703e21.png,Small-flowered Cranesbill
0c4199daa.png,Loose Silky-bent
b944a49ca.png,Loose Silky-bent
8ab8a958b.png,Fat Hen
8170d33c1.png,Maize
7c85b0265.png,Loose Silky-bent
e1a0e3202.png,Loose Silky-bent
a3d0031fd.png,Loose Silky-bent
da231c97f.png,Scentless Mayweed
29ce426a1.png,Common Chickweed
5bd71f445.png,Common Chickweed
59b2c6f2b.png,Common Chickweed
0c5f6c493.png,Loose Silky-bent
19e58cc5e.png,Common Chickweed
19618ad6a.png,Sugar beet
3da774107.png,Fat Hen
d2f422ccb.png,Common Chickweed
a006a475c.png,Common Chickweed
bf3924a57.png,Common Chickweed
c75a82234.png,Scentless Mayweed
cf3a8b2fd.png,Loose Silky-bent
d09275360.png,Sugar beet
36ed4f215.png,Common Chickweed
34dd57ca9.png,Loose Silky-bent
f351ce097.png,Loose Silky-bent
cf90fc52d.png,Maize
f1e87cba7.png,Loose Silky-bent
148bbda66.png,Charlock
d6c8c3c48.png,Small-flowered Cranesbill
3edf5e9ef.png,Common wheat
9c32a797e.png,Common wheat
c0d9e170b.png,Small-flowered Cranesbill
b47691c08.png,Scentless Mayweed
7d3045fc3.png,Sugar beet
f445fe6fb.png,Charlock
50de8a115.png,Shepherds Purse
20e562fd5.png,Sugar beet
acdb75e00.png,Loose Silky-bent
721be0a4a.png,Loose Silky-bent
7506c0c02.png,Scentless Mayweed
e1abb4ff9.png,Sugar beet
e14afa235.png,Black-grass
69d1669f8.png,Charlock
b026bf8ca.png,Loose Silky-bent
37714071b.png,Shepherds Purse
7b21ba6ba.png,Sugar beet
48ef6a2ff.png,Common wheat
96f14d90c.png,Sugar beet
4b155fb07.png,Maize
b03397525.png,Loose Silky-bent
efe19dc32.png,Charlock
03566743d.png,Fat Hen
d01873fdd.png,Loose Silky-bent
3dd52bd2a.png,Small-flowered Cranesbill
88d8a4508.png,Maize
827279bad.png,Scentless Mayweed
590f5aea6.png,Charlock
c35efa095.png,Scentless Mayweed
71334c634.png,Maize
31fcdc161.png,Maize
270b939cf.png,Common Chickweed
e471f1d3a.png,Charlock
7d4cd07ad.png,Common Chickweed
fda39e16f.png,Loose Silky-bent
0c51bf229.png,Maize
862b8e7a0.png,Sugar beet
b4c3df835.png,Maize
ae90f2827.png,Common Chickweed
20ea96bcc.png,Fat Hen
8874bba69.png,Loose Silky-bent
248436078.png,Cleavers
0c27cf05f.png,Loose Silky-bent
fc6f686fb.png,Sugar beet
cd6adba97.png,Small-flowered Cranesbill
36d62bf36.png,Common wheat
8b043093d.png,Small-flowered Cranesbill
71f5323c5.png,Loose Silky-bent
24d36c52c.png,Common Chickweed
897e5a8de.png,Cleavers
523e5505c.png,Fat Hen
9b9911f20.png,Scentless Mayweed
c8f50f0c3.png,Common wheat
e5e3dccff.png,Common wheat
60fea2ef6.png,Sugar beet
3281183f9.png,Scentless Mayweed
b6f3d8b5d.png,Scentless Mayweed
a8da9c08d.png,Charlock
4f44ca525.png,Common Chickweed
ab35453cb.png,Cleavers
a74d475c2.png,Common Chickweed
8b27bfd2b.png,Small-flowered Cranesbill
8c98a6e9b.png,Loose Silky-bent
9d79a1f0c.png,Small-flowered Cranesbill
116b136de.png,Sugar beet
5bc6595f6.png,Maize
089ad62a7.png,Common Chickweed
03ef36742.png,Scentless Mayweed
f2dc546ca.png,Cleavers
a544fc46d.png,Scentless Mayweed
f4ad9d950.png,Sugar beet
1459e96a0.png,Cleavers
e4d5ec761.png,Black-grass
77ccb8b2a.png,Small-flowered Cranesbill
52a87abe5.png,Fat Hen
90b595f12.png,Common Chickweed
39858776a.png,Cleavers
a1e0a6c02.png,Cleavers
456d507c0.png,Cleavers
3eda9cbb6.png,Scentless Mayweed
78750e0ff.png,Charlock
a5db42f7d.png,Maize
5af1d74ee.png,Sugar beet
6edc76e7c.png,Fat Hen
e5368474f.png,Scentless Mayweed
b4f7c9214.png,Black-grass
1d321253f.png,Fat Hen
8cfd98117.png,Scentless Mayweed
377283a21.png,Maize
19b51843a.png,Common Chickweed
ffc6f8527.png,Common wheat
64fe8beb9.png,Scentless Mayweed
8db450ce3.png,Common Chickweed
03a2ee656.png,Small-flowered Cranesbill
e5064f6be.png,Sugar beet
ad12382d4.png,Loose Silky-bent
3ebbe9ca4.png,Charlock
f33e9d918.png,Scentless Mayweed
3526b05cc.png,Scentless Mayweed
abf8b0772.png,Scentless Mayweed
2e86f1085.png,Fat Hen
8301b0547.png,Charlock
23e480e64.png,Shepherds Purse
cc74feadc.png,Black-grass
fa9f3a8f9.png,Cleavers
071cb3ece.png,Sugar beet
c06e7c748.png,Scentless Mayweed
4a337a4a9.png,Fat Hen
8faadb6a8.png,Sugar beet
fd87b36ae.png,Loose Silky-bent
a8b431a3e.png,Sugar beet
592cc5b89.png,Loose Silky-bent
a74bf916d.png,Shepherds Purse
9b4800b42.png,Charlock
b98327bf4.png,Scentless Mayweed
d7017f701.png,Fat Hen
2f0004a7f.png,Common wheat
c6c8d4ba0.png,Loose Silky-bent
e5881dd33.png,Fat Hen
5779fe8b4.png,Fat Hen
54b3afd58.png,Cleavers
59c6a9f95.png,Fat Hen
d350a25fa.png,Common Chickweed
2693e5c65.png,Maize
0911d3dee.png,Common Chickweed
d14aa43f3.png,Small-flowered Cranesbill
3efa1f66c.png,Black-grass
24d78df74.png,Common Chickweed
593896f83.png,Common Chickweed
46c14fde2.png,Loose Silky-bent
1e095a7e1.png,Small-flowered Cranesbill
ef02b4ee7.png,Sugar beet
8585f9718.png,Black-grass
a8c8a1db0.png,Shepherds Purse
f85ed9b6d.png,Shepherds Purse
4823c3ffa.png,Loose Silky-bent
60ee66ddd.png,Cleavers
7a38416be.png,Charlock
288564c76.png,Sugar beet
0885e7690.png,Scentless Mayweed
2a667e099.png,Fat Hen
f9b6bfb00.png,Cleavers
24dbc3b21.png,Sugar beet
5b3beec58.png,Loose Silky-bent
8916793ce.png,Small-flowered Cranesbill
76dbd1054.png,Scentless Mayweed
8e29abce1.png,Scentless Mayweed
5ca2687a4.png,Maize
a1da8be3c.png,Maize
8e2e5604e.png,Sugar beet
da713c465.png,Black-grass
25fa8d109.png,Common wheat
c069fc3fa.png,Fat Hen
e9d48d664.png,Shepherds Purse
5ca0205f9.png,Charlock
9643fc5f4.png,Charlock
2df78338c.png,Common Chickweed
8311740de.png,Fat Hen
948cdb277.png,Cleavers
3827436f3.png,Common Chickweed
cf46d09c5.png,Common Chickweed
cbe761896.png,Charlock
76555b064.png,Loose Silky-bent
7696badea.png,Black-grass
1541bdb2e.png,Maize
33448fe39.png,Loose Silky-bent
af45e222a.png,Scentless Mayweed
9d3cb4745.png,Common wheat
06d12f6fa.png,Shepherds Purse
32c86784b.png,Common Chickweed
446f7da01.png,Loose Silky-bent
4c5ab9b68.png,Cleavers
060450d79.png,Common Chickweed
e19673dc9.png,Charlock
8bc0261c9.png,Loose Silky-bent
599c82eea.png,Scentless Mayweed
063363305.png,Small-flowered Cranesbill
c0bc3997b.png,Scentless Mayweed
8ece6efec.png,Scentless Mayweed
9baf94467.png,Sugar beet
08d591441.png,Sugar beet
800a8c17e.png,Fat Hen
aa7d098d1.png,Common Chickweed
e80a259c5.png,Small-flowered Cranesbill
c10ccbd82.png,Scentless Mayweed
969a851be.png,Scentless Mayweed
1694a70e4.png,Scentless Mayweed
7f9e9565d.png,Scentless Mayweed
c74c5b7fc.png,Shepherds Purse
87f627bf9.png,Common Chickweed
33317fc2a.png,Fat Hen
ff65bc002.png,Charlock
0d31e6602.png,Small-flowered Cranesbill
cec5bf198.png,Cleavers
de0b79659.png,Fat Hen
3abb502fb.png,Loose Silky-bent
b5c7fd009.png,Loose Silky-bent
e478c452c.png,Sugar beet
74068643d.png,Loose Silky-bent
cfb18d262.png,Scentless Mayweed
122913909.png,Maize
c832e4302.png,Fat Hen
8c9953903.png,Fat Hen
615d2b0a9.png,Sugar beet
13b9fa92d.png,Sugar beet
ba3ce6b3e.png,Scentless Mayweed
c64370a72.png,Sugar beet
b30ab4659.png,Cleavers
a935ca110.png,Loose Silky-bent
0a64e3e6c.png,Black-grass
0e8492cb1.png,Maize
b3e08b037.png,Fat Hen
39c8fde99.png,Loose Silky-bent
974959ec1.png,Common wheat
78b1bf91a.png,Sugar beet
8b9144917.png,Small-flowered Cranesbill
03e322a29.png,Sugar beet
1821eb11a.png,Scentless Mayweed
ef9676433.png,Charlock
e901b0f28.png,Fat Hen
17529c555.png,Scentless Mayweed
c88ebfb47.png,Small-flowered Cranesbill
c0461776c.png,Common Chickweed
cae684f8f.png,Charlock
d563be369.png,Fat Hen
65e262a6d.png,Charlock
391dcd7fd.png,Black-grass
ce42adffb.png,Loose Silky-bent
5817b766d.png,Shepherds Purse
98d819587.png,Shepherds Purse
dabea05f4.png,Loose Silky-bent
52dc7a4d6.png,Common Chickweed
e0ec5b6a1.png,Sugar beet
19fdf19fb.png,Common wheat
c63da993b.png,Sugar beet
99569b224.png,Common wheat
d89db156f.png,Small-flowered Cranesbill
44e8b8833.png,Small-flowered Cranesbill
ac3193f78.png,Common Chickweed
bdde957ec.png,Scentless Mayweed
39b740f7e.png,Loose Silky-bent
2dd5cfba9.png,Shepherds Purse
1dc7c45df.png,Loose Silky-bent
618de3d7a.png,Charlock
